﻿Designator,Footprint,Quantity,Value,LCSC Part #
BT1,Keystone 18650 clips,1,Battery_Cell,C2979182
"C1, C12, C13, C14, C15, C17, C18, C19, C2, C20, C21, C22, C23, C24, C25, C26, C27, C28, C29, C3, C30, C31, C32, C33, C41, C44, C6",0402,27,1u,C14445
"C10, C11, C40, C45, C46, C47, C48, C49, C50, C51, C52, C53",0402,12,0.1u,C60474
"C16, C4, C5, C7, C8",0805,5,10u,C1713 
"C42, C43",0402,2,22p,C106203
"D1, D3, D4",D_SOD-523,3,1N4148WT,C727112
"D10, D11, D12, D13, D14, D15, D16, D17, D18, D19, D20, D21, D22, D23, D24, D25, D26, D27, D28, D29, D30, D31, D32, D33, D34, D35, D36, D37, D39, D40, D41, D42, D43, D44, D45, D46, D5, D6, D7, D9",LED_WS2812B-2020_PLCC4_2.0x2.0mm,40,WS2812B,C965555
D2,0603,1,LED,C965799
D48,D_SOD-123,1,MBR0540,C116159
"H1, H2",MountingHole_4mm,2,MountingHole,
J1,JST_SH_SM04B-SRSS-TB_1x04-1MP_P1.00mm_Horizontal,1,I2C,C160404
J10,JST_PH_S2B-PH-K_1x02_P2.00mm_Horizontal,1,Conn_01x02_Male,C131337
J13,PinSocket_2x05_P1.27mm_Vertical_SMD,1,Conn_02x05_Odd_Even,C2935458
"J3, J4",Simple_Addon_v2-BADGE-2x3,2,Conn_02x03_Counter_Clockwise,C2897404
J9,USB_C_Receptacle_GCT_USB4110,1,USB_C_Receptacle_USB2.0,C963216
LD1,1206,1,SPL_PL90,C73929
LD2,1206,1,SPL_PL90,C282224
"Q1, Q3",SOT-23,2,2N3904,C126908
Q2,SOT-23,1,DMG2302U,C460977
Q4,SOT-23,1,DMG2301L,C460976
"R1, R14, R16, R36, R38, R6, R7",0402,7,1k,C106235
"R10, R11, R12, R9",0402,4,3.3,C412900
"R13, R28, R39, R5, R8",0402,5,10k,C60490
"R18, R19, R2, R26, R29, R30, R37",0402,7,5.1k,C105872
"R24, R25",0402,2,27,C138021
"SW1, SW2, SW3, SW4",SW_SPST_B3U-1000P,4,SW_Push,C843684
U10,TSOT-23-5,1,RT9742AGJ5F,C3001659
"U2, U4",SOT-23-5,2,NCP163ASN330T1G,C156285
U3,QFN-56-1EP_7x7mm_P0.4mm_EP3.2x3.2mm,1,RP2040,C2040
U7,SOT-23-5,1,MCP73811T-420I-OT,C5280697
U8,SOIC-8_5.23x5.23mm_P1.27mm,1,W25Q128JVS,C82317
U9,IRM-H638TTR2,1,IRM-H638T/TR2,C91447
Y1,Crystal_SMD_2520-4Pin_2.5x2.0mm,1,12Mhz,C2901651
